<?xml version="1.0" encoding="UTF-8"?>
<beans xmlns="http://www.springframework.org/schema/beans"
xmlns:xsi="http://www.w3.org/2001/XMLSchema-instance" xmlns:aop="http://www.springframework.org/schema/aop"
xmlns:tx="http://www.springframework.org/schema/tx"
xsi:schemaLocation="http://www.springframework.org/schema/beans http://www.springframework.org/schema/beans/spring-beans.xsd
 http://www.springframework.org/schema/tx http://www.springframework.org/schema/tx/spring-tx-2.0.xsd
 http://www.springframework.org/schema/aop http://www.springframework.org/schema/aop/spring-aop-2.0.xsd">

<bean id="sessionFactory" class="org.springframework.orm.hibernate3.annotation.AnnotationSessionFactoryBean">
  <property name="configLocation" >
  <value>hibernate.cfg.xml</value>
  </property>
</bean>

<bean id="hibernateTemplate" class="org.springframework.orm.hibernate3.HibernateTemplate">
	<property name="sessionFactory">
	  <ref bean="sessionFactory" />
	</property>
</bean>

<bean id="pageDao" class="com.concretepage.dao.PageDaoImpl">
    <property name="hibernateTemplate">
	  <ref bean="hibernateTemplate" />
	</property>
</bean>

<bean id="transactionManager" class="org.springframework.orm.hibernate3.HibernateTransactionManager">
   <property name="sessionFactory" ref="sessionFactory" />
</bean>

<aop:config>
	<aop:pointcut id="dbOperation" expression="execution(* com.concretepage.dao.PageDaoImpl.*(..))" />
	<aop:advisor advice-ref="txAdvice" pointcut-ref="dbOperation" />	
</aop:config>

<tx:advice id="txAdvice" transaction-manager="transactionManager" >
	<tx:attributes>
		<tx:method name="get*" read-only="true" isolation="READ_COMMITTED"/>
		<tx:method name="*" propagation="REQUIRED" isolation="DEFAULT" read-only="false" timeout="-1" />
	</tx:attributes>
</tx:advice>

</beans>
 