<!DOCTYPE hibernate-configuration PUBLIC
    "-//Hibernate/Hibernate Configuration DTD 3.0//EN"
    "http://hibernate.sourceforge.net/hibernate-configuration-3.0.dtd">
<hibernate-configuration>
  <session-factory>
    <property name="hibernate.connection.driver_class">oracle.jdbc.driver.OracleDriver</property>
    <property name="hibernate.connection.url">jdbc:oracle:thin:@localhost:1521</property>
    <property name="hibernate.connection.username">system</property>
    <property name="hibernate.connection.password">system</property>
    <property name="hibernate.connection.pool_size">10</property>
    <property name="show_sql">true</property>
    <property name="dialect">org.hibernate.dialect.MySQLDialect</property>
    <property name="hibernate.hbm2ddl.auto">update</property>
    <mapping class="com.concretepage.persistence.User"/>
  </session-factory>
</hibernate-configuration>